ISP,DESCRIPTION,SERVICE_ID
1WIRE,VOIP Line External TA Business,1W000046
1WIRE,SBP 100/100,1W000047
1Wire,Gold 40 mbps,1W000004
1Wire,Gold 50 mbps,1W000005
1Wire,Gold 100 mbps,1W000006
1Wire,Gold 200 mbps,1W000007
1Wire,Gold 500 mbps,1W000008
1Wire,Gold 1 gbps,1W000009
1Wire,Gold 2 gbps,1W000010
1Wire,Gold 10 gbps,1W000011
1Wire,10 mbps TLS contract,1W000012
1Wire,20 mbps TLS contract,1W000013
1Wire,30 mbps TLS contract,1W000014
1Wire,40 mbps TLS contract,1W000015
1Wire,50 mbps TLS contract,1W000016
1Wire,100 mbps TLS contract,1W000017
1Wire,200 mbps TLS contract,1W000018
1Wire,500 mbps TLS contract,1W000019
1Wire,1 Gbps TLS contract,1W000044
1Wire,TLS Fee per Vlan,1W000021
1Wire,SBP 20/20,1W000022
1Wire,SBP  30/30,1W000023
1Wire,SBP  50/50,1W000024
1Wire,Church/Religoin 250/250,1W000025
1Wire,20 Mbps Mall Product,1W000026
1Wire,100 Mbps ,1W000027
1Wire,Overage Fees 50gb Pay Ahead,1W000028
1Wire,Overage Fees 50gb At Billing,1W000029
1Wire,50gb Additional Throughput,1W000030
1Wire,100gb Additional Throughput,1W000031
1Wire,150gb Additional Throughput,1W000032
1Wire,200gb Additional Throughput,1W000033
1Wire,250 mbps,1W000034
1Wire,100 mbps,1W000035
1Wire,1 gbps,1W000036
1Wire,Legacy 100 mbps,1W000037
1Wire,Legacy 1 gbps,1W000038
1Wire,VOIP PRI,1W000039
1Wire,Per Line,1W000040
1Wire,Additional VLAN,1W000041
1Wire,Additional IP,1W000042
1Wire,50 Mbps Ecclesiastical,1W000043
1Wire,1 Gbps TLS contract,1W000044
1Wire,Gold 5 mbps,1W000045
1Wire,Gold 30 mbps,1W000003
1Wire,Gold 10 mbps,1W000001
1Wire,Gold 20 mbps,1W000002
BEC,Gold 5 mbps,BEC00001
BEELINE,1 GigE Wireless ,BEE00001
BRIGHAM,100 Mbps ,BR000027
BRIGHAM,Overage Fees 50gb Pay Ahead,BR000028
BRIGHAM,Overage Fees 50gb At Billing,BR000029
BRIGHAM,100gb Additional Throughput,BR000031
BRIGHAM,150gb Additional Throughput,BR000032
BRIGHAM,200gb Additional Throughput,BR000033
BRIGHAM,250 mbps,BR000034
BRIGHAM,1 gbps,BR000035
BRIGHAM,Legacy 1 gbps,BR000037
BRIGHAM,10/10 Mbps Residential,BR000038
BRIGHAM,15 Mbps Residential,BR000039
BRIGHAM,20/20 Mbps Residential,BR000040
BRIGHAM,"VOIP Line, External TA, Residential",BR000042
BRIGHAM,VOIP PRI,BR000043
BRIGHAM,Per Line,BR000044
BRIGHAM,Additional VLAN,BR000045
BRIGHAM,15 % Bandwidth Charge,BR000047
BRIGHAM,Gold 5 mbps,BR000048
BRIGHAM,ISP Bandwidth includes 8 IPs,BR000049
BRIGHAM,Gold 200 mbps,BR000007
BRIGHAM,Gold 500 mbps,BR000008
BRIGHAM,50 mbps TLS contract,BR000016
BRIGHAM,SBP 20/20,BR000022
BRIGHAM,SBP  30/30,BR000023
BRIGHAM,50gb Additional Throughput,BR000030
BRIGHAM,Legacy 100 mbps,BR000036
BRIGHAM,50/50 Mbps Residential,BR000041
BRIGHAM,Additional IP,BR000046
BRIGHAM,Gold 10 mbps,BR000001
BRIGHAM,Gold 20 mbps,BR000002
BRIGHAM,Gold 30 mbps,BR000003
BRIGHAM,Gold 40 mbps,BR000004
BRIGHAM,Gold 50 mbps,BR000005
BRIGHAM,Gold 100 mbps,BR000006
BRIGHAM,Gold 1 gbps,BR000009
BRIGHAM,Gold 2 gbps,BR000010
BRIGHAM,Gold 10 gbps,BR000011
BRIGHAM,10 mbps TLS contract,BR000012
BRIGHAM,20 mbps TLS contract,BR000013
BRIGHAM,30 mbps TLS contract,BR000014
BRIGHAM,40 mbps TLS contract,BR000015
BRIGHAM,100 mbps TLS contract,BR000017
BRIGHAM,200 mbps TLS contract,BR000018
BRIGHAM,500 mbps TLS contract,BR000019
BRIGHAM,1 Gbps TLS contract,BR000020
BRIGHAM,TLS Fee per Vlan,BR000021
BRIGHAM,SBP  50/50,BR000024
BRIGHAM,Church/Religoin 250/250,BR000025
BRIGHAM,20 Mbps Mall Product,BR000026
Beehive,Gold 10 mbps,BEE00001
Beehive,Beehive Video Line Up,BEE00043
Beehive,Gold 30 mbps,BEE00003
Beehive,Gold 40 mbps,BEE00004
Beehive,Gold 50 mbps,BEE00005
Beehive,Gold 100 mbps,BEE00006
Beehive,Gold 200 mbps,BEE00007
Beehive,Gold 500 mbps,BEE00008
Beehive,Gold 1 gbps,BEE00009
Beehive,Gold 2 gbps,BEE00010
Beehive,Gold 10 gbps,BEE00011
Beehive,10 mbps TLS contract,BEE00012
Beehive,20 mbps TLS contract,BEE00013
Beehive,30 mbps TLS contract,BEE00014
Beehive,40 mbps TLS contract,BEE00015
Beehive,50 mbps TLS contract,BEE00016
Beehive,100 mbps TLS contract,BEE00017
Beehive,200 mbps TLS contract,BEE00018
Beehive,500 mbps TLS contract,BEE00019
Beehive,1 Gbps TLS contract,BEE00020
Beehive,TLS Fee per Vlan,BEE00021
Beehive,SBP 20/20,BEE00022
Beehive,SBP  30/30,BEE00023
Beehive,SBP  50/50,BEE00024
Beehive,Church/Religoin 250/250,BEE00025
Beehive,20 Mbps Mall Product,BEE00026
Beehive,100 Mbps ,BEE00027
Beehive,Overage Fees 50gb Pay Ahead,BEE00028
Beehive,Overage Fees 50gb At Billing,BEE00029
Beehive,50gb Additional Throughput,BEE00030
Beehive,100gb Additional Throughput,BEE00031
Beehive,150gb Additional Throughput,BEE00032
Beehive,200gb Additional Throughput,BEE00033
Beehive,250 mbps,BEE00034
Beehive,100 mbps,BEE00035
Beehive,1 gbps,BEE00036
Beehive,Legacy 100 mbps,BEE00037
Beehive,Legacy 1 gbps,BEE00038
Beehive,VOIP PRI,BEE00039
Beehive,Per Line,BEE00040
Beehive,Additional VLAN,BEE00041
Beehive,Additional IP,BEE00042
Beehive,Gold 20 mbps,BEE00002
CENTRACOM,Gold 10 mbps,CE000001
CENTRACOM,500 mbps TLS contract,CE000019
CENTRACOM,Gold 30 mbps,CE000003
CENTRACOM,Gold 100 mbps,CE000006
CENTRACOM,Gold 200 mbps,CE000007
CENTRACOM,Gold 500 mbps,CE000008
CENTRACOM,Gold 1 gbps,CE000009
CENTRACOM,Gold 2 gbps,CE000010
CENTRACOM,Gold 10 gbps,CE000011
CENTRACOM,10 mbps TLS contract,CE000012
CENTRACOM,20 mbps TLS contract,CE000013
CENTRACOM,40 mbps TLS contract,CE000015
CENTRACOM,50 mbps TLS contract,CE000016
CENTRACOM,100 mbps TLS contract,CE000017
CENTRACOM,200 mbps TLS contract,CE000018
CENTRACOM,1 Gbps TLS contract,CE000020
CENTRACOM,TLS Fee per Vlan,CE000021
CENTRACOM,SBP 20/20,CE000022
CENTRACOM,SBP  30/30,CE000023
CENTRACOM,SBP  50/50,CE000024
CENTRACOM,Church/Religoin 250/250,CE000025
CENTRACOM,20 Mbps Mall Product,CE000026
CENTRACOM,100 Mbps ,CE000027
CENTRACOM,Overage Fees 50gb Pay Ahead,CE000028
CENTRACOM,Overage Fees 50gb At Billing,CE000029
CENTRACOM,50gb Additional Throughput,CE000030
CENTRACOM,100gb Additional Throughput,CE000031
CENTRACOM,150gb Additional Throughput,CE000032
CENTRACOM,200gb Additional Throughput,CE000033
CENTRACOM,250 mbps,CE000034
CENTRACOM,1 gbps,CE000035
CENTRACOM,Legacy 100 mbps,CE000036
CENTRACOM,Legacy 1 gbps,CE000037
CENTRACOM,VOIP PRI,CE000038
CENTRACOM,Per Line,CE000039
CENTRACOM,Additional VLAN,CE000040
CENTRACOM,Additional IP,CE000041
CENTRACOM,Gold 5 mbps,CE000042
CENTRACOM,Gold 40 mbps,CE000004
CENTRACOM,Gold 50 mbps,CE000005
CENTRACOM,30 mbps TLS contract,CE000014
CENTRACOM,Gold 20 mbps,CE000002
DECHO,Cross Connect,DE000001
DECHO,10GigE,DE000002
FIBERNET,Gold 10 mbps,FI000001
FIBERNET,50/50 Mbps Residential,FI000044
FIBERNET,Gold 30 mbps,FI000003
FIBERNET,Gold 40 mbps,FI000004
FIBERNET,Gold 50 mbps,FI000005
FIBERNET,Gold 100 mbps,FI000006
FIBERNET,Gold 200 mbps,FI000007
FIBERNET,Gold 500 mbps,FI000008
FIBERNET,Gold 1 gbps,FI000009
FIBERNET,Gold 2 gbps,FI000010
FIBERNET,Gold 10 gbps,FI000011
FIBERNET,10 mbps TLS contract,FI000012
FIBERNET,20 mbps TLS contract,FI000013
FIBERNET,30 mbps TLS contract,FI000014
FIBERNET,40 mbps TLS contract,FI000015
FIBERNET,50 mbps TLS contract,FI000016
FIBERNET,100 mbps TLS contract,FI000017
FIBERNET,200 mbps TLS contract,FI000018
FIBERNET,500 mbps TLS contract,FI000019
FIBERNET,1 Gbps TLS contract,FI000020
FIBERNET,TLS Fee per Vlan,FI000021
FIBERNET,SBP 20/20,FI000022
FIBERNET,SBP  30/30,FI000023
FIBERNET,SBP  50/50,FI000024
FIBERNET,Church/Religoin 250/250,FI000025
FIBERNET,20 Mbps Mall Product,FI000026
FIBERNET,100 Mbps ,FI000027
FIBERNET,Overage Fees 50gb Pay Ahead,FI000028
FIBERNET,Overage Fees 50gb At Billing,FI000029
FIBERNET,50gb Additional Throughput,FI000030
FIBERNET,100gb Additional Throughput,FI000031
FIBERNET,150gb Additional Throughput,FI000032
FIBERNET,200gb Additional Throughput,FI000033
FIBERNET,250 mbps,FI000034
FIBERNET,100 mbps,FI000035
FIBERNET,1 gbps,FI000036
FIBERNET,Legacy 100 mbps,FI000037
FIBERNET,Legacy 1 gbps,FI000038
FIBERNET,VOIP PRI,FI000039
FIBERNET,Per Line,FI000040
FIBERNET,Additional VLAN,FI000041
FIBERNET,Additional IP,FI000042
FIBERNET,15 Mbps Residential,FI000043
FIBERNET,Gold 20 mbps,FI000002
FIRST_DIGITAL,500 mbps TLS contract,FIR00021
FIRST_DIGITAL,1 Gbps TLS contract,FIR00022
FIRST_DIGITAL,TLS Fee per Vlan,FIR00023
FIRST_DIGITAL,SBP 20/20,FIR00024
FIRST_DIGITAL,SBP  30/30,FIR00025
FIRST_DIGITAL,SBP  50/50,FIR00026
FIRST_DIGITAL,Church/Religoin 250/250,FIR00027
FIRST_DIGITAL,20 Mbps Mall Product,FIR00028
FIRST_DIGITAL,Overage Fees 50gb At Billing,FIR00031
FIRST_DIGITAL,50gb Additional Throughput,FIR00032
FIRST_DIGITAL,100gb Additional Throughput,FIR00033
FIRST_DIGITAL,150gb Additional Throughput,FIR00034
FIRST_DIGITAL,200gb Additional Throughput,FIR00035
FIRST_DIGITAL,250 mbps,FIR00036
FIRST_DIGITAL,100 mbps,FIR00037
FIRST_DIGITAL,1 gbps,FIR00038
FIRST_DIGITAL,Legacy 100 mbps,FIR00039
FIRST_DIGITAL,VOIP PRI,FIR00041
FIRST_DIGITAL,Per Line,FIR00042
FIRST_DIGITAL,Additional VLAN,FIR00043
FIRST_DIGITAL,Additional IP,FIR00044
FIRST_DIGITAL,Dark Fiber IRU,FIR00045
FIRST_DIGITAL,100 Mbps ,FIR00029
FIRST_DIGITAL,Overage Fees 50gb Pay Ahead,FIR00030
FIRST_DIGITAL,Legacy 1 gbps,FIR00040
FIRST_DIGITAL,Gold 150 mbps,FIR00048
FIRST_DIGITAL,Gold 250Mbps,FIR00049
FIRST_DIGITAL,Gold 3 Mbps,FIR00001
FIRST_DIGITAL,Gold 5 Mbps,FIR00002
FIRST_DIGITAL,Gold 10 mbps,FIR00003
FIRST_DIGITAL,Gold 20 mbps,FIR00004
FIRST_DIGITAL,Gold 30 mbps,FIR00005
FIRST_DIGITAL,Gold 40 mbps,FIR00006
FIRST_DIGITAL,Gold 50 mbps,FIR00007
FIRST_DIGITAL,Gold 100 mbps,FIR00008
FIRST_DIGITAL,Gold 200 mbps,FIR00009
FIRST_DIGITAL,Gold 500 mbps,FIR00010
FIRST_DIGITAL,Gold 1 gbps,FIR00011
FIRST_DIGITAL,Gold 2 gbps,FIR00012
FIRST_DIGITAL,Gold 10 gbps,FIR00013
FIRST_DIGITAL,10 mbps TLS contract,FIR00014
FIRST_DIGITAL,20 mbps TLS contract,FIR00015
FIRST_DIGITAL,30 mbps TLS contract,FIR00016
FIRST_DIGITAL,40 mbps TLS contract,FIR00017
FIRST_DIGITAL,50 mbps TLS contract,FIR00018
FIRST_DIGITAL,100 mbps TLS contract,FIR00019
FIRST_DIGITAL,200 mbps TLS contract,FIR00020
Glenmore Village,100/100 Mbps Bulk Product ,FIR00046
INFOWEST,100 mbps TLS contract,IN000017
INFOWEST,200 mbps TLS contract,IN000018
INFOWEST,500 mbps TLS contract,IN000019
INFOWEST,1 Gbps TLS contract,IN000020
INFOWEST,TLS Fee per Vlan,IN000021
INFOWEST,SBP  50/50,IN000024
INFOWEST,Church/Religoin 250/250,IN000025
INFOWEST,20 Mbps Mall Product,IN000026
INFOWEST,100 Mbps ,IN000027
INFOWEST,Overage Fees 50gb Pay Ahead,IN000028
INFOWEST,Overage Fees 50gb At Billing,IN000029
INFOWEST,100gb Additional Throughput,IN000031
INFOWEST,150gb Additional Throughput,IN000032
INFOWEST,200gb Additional Throughput,IN000033
INFOWEST,250 mbps,IN000034
INFOWEST,100 mbps,IN000035
INFOWEST,Gold 200 mbps,IN000007
INFOWEST,Gold 500 mbps,IN000008
INFOWEST,50 mbps TLS contract,IN000016
INFOWEST,SBP 20/20,IN000022
INFOWEST,SBP  30/30,IN000023
INFOWEST,50gb Additional Throughput,IN000030
INFOWEST,1 gbps,IN000036
INFOWEST,Legacy 100 mbps,IN000037
INFOWEST,VOIP Line External TA Business,IN000044
INFOWEST,"25 Mbps, 2nd Res Port",IN000045
INFOWEST,Legacy 1 gbps,IN000038
INFOWEST,VOIP PRI,IN000039
INFOWEST,Per Line,IN000040
INFOWEST,Additional VLAN,IN000041
INFOWEST,Additional IP,IN000042
INFOWEST,Via West Delong Cross Connect,IN000043
INFOWEST,Gold 10 mbps,IN000001
INFOWEST,Gold 20 mbps,IN000002
INFOWEST,Gold 30 mbps,IN000003
INFOWEST,Gold 40 mbps,IN000004
INFOWEST,Gold 50 mbps,IN000005
INFOWEST,Gold 100 mbps,IN000006
INFOWEST,Gold 1 gbps,IN000009
INFOWEST,Gold 2 gbps,IN000010
INFOWEST,Gold 10 gbps,IN000011
INFOWEST,10 mbps TLS contract,IN000012
INFOWEST,20 mbps TLS contract,IN000013
INFOWEST,30 mbps TLS contract,IN000014
INFOWEST,40 mbps TLS contract,IN000015
INTEGRA,Gold 5 Mbps,INT00001
INTEGRA,Dark Fiber 1 Pair ,INT00045
INTEGRA,Gold 20 mbps,INT00003
INTEGRA,Gold 30 mbps,INT00004
INTEGRA,Gold 40 mbps,INT00005
INTEGRA,Gold 50 mbps,INT00006
INTEGRA,Gold 100 mbps,INT00007
INTEGRA,Gold 200 mbps,INT00008
INTEGRA,Gold 500 mbps,INT00009
INTEGRA,Gold 1 gbps,INT00010
INTEGRA,Gold 2 gbps,INT00011
INTEGRA,Gold 10 gbps,INT00012
INTEGRA,10 mbps TLS contract,INT00013
INTEGRA,20 mbps TLS contract,INT00014
INTEGRA,30 mbps TLS contract,INT00015
INTEGRA,40 mbps TLS contract,INT00016
INTEGRA,50 mbps TLS contract,INT00017
INTEGRA,100 mbps TLS contract,INT00018
INTEGRA,200 mbps TLS contract,INT00019
INTEGRA,500 mbps TLS contract,INT00020
INTEGRA,1 Gbps TLS contract,INT00021
INTEGRA,TLS Fee per Vlan,INT00022
INTEGRA,SBP 20/20,INT00023
INTEGRA,SBP  30/30,INT00024
INTEGRA,SBP  50/50,INT00025
INTEGRA,Church/Religoin 250/250,INT00026
INTEGRA,20 Mbps Mall Product,INT00027
INTEGRA,100 Mbps ,INT00028
INTEGRA,Overage Fees 50gb Pay Ahead,INT00029
INTEGRA,Overage Fees 50gb At Billing,INT00030
INTEGRA,50gb Additional Throughput,INT00031
INTEGRA,100gb Additional Throughput,INT00032
INTEGRA,150gb Additional Throughput,INT00033
INTEGRA,200gb Additional Throughput,INT00034
INTEGRA,250 mbps,INT00035
INTEGRA,100 mbps,INT00036
INTEGRA,1 gbps,INT00037
INTEGRA,Legacy 100 mbps,INT00038
INTEGRA,Legacy 1 gbps,INT00039
INTEGRA,VOIP PRI,INT00040
INTEGRA,Per Line,INT00041
INTEGRA,Additional VLAN,INT00042
INTEGRA,Additional IP,INT00043
INTEGRA,C7 Cross Connect,INT00044
INTEGRA,Gold 10 mbps,INT00002
MDU_COURTSIDE,Bulk Transport 10/10 Mbps,MDUC0001
MDU_GREENBRIAR,Bulk Transport 10/10 Mbps,MDUG0001
MDU_HAMLET_BIRKHILL,Bulk Transport 30/30 Mbps,MDUHB001
MDU_HAMLET_BIRKHILL_CONDOS,Bulk Transport 250/250 Mbps,MDUHB002
MDU_HAMLET_BIRKHILL_CONDOS,Bulk Transport 30/30 Mbps,MDUHB003
MDU_HAMLET_CARLISLE,Bulk Transport 100/100 Mbps,MDUHC001
MDU_HAMLET_HUNTLY,Bulk Transport 30/30 Mbps,MDUHH001
MDU_HAMLET_INVERNESS,Bulk Transport 50/50 Mbps,MDUHI001
MDU_HAMLET_INVERNESS,Bulk Video Access,MDUHIV01
MDU_HAMLET_MILLBURN,Bulk Transport 100/100 Mbps,MDUHM001
MDU_HAMLET_MILLBURN,VOIP Uplift Transport,MDUHM002
MDU_HAMLET_WAVERLY, Bulk Transport 50/50 Mbps,MDUHW001
MDU_MIDTOWN,Bulk Transport 30/30 Mbps,MDUM0001
MDU_MIDTOWN,Bulk Video Access,MDUM0002
MDU_MONTROSE,Bulk Video Access,MDUMO02 
MDU_MONTROSE,Veracity Bulk Transport 30/30 Mbps,MDUMO01 
MDU_RIDGESTONE,Bulk Transport 30/30 Mbps - Plus Video,MDUR0001
MDU_SHADOW_RIDGE,Bulk Transport 50/50,MDUSH001
MDU_SHADOW_RIDGE,50/50 Bulk Product,MDUSH002
MDU_STONEBROOK_NEW,Bulk Transport 30/30 Mbps,MDUS0001
MDU_STONEBROOK_NEW,Bulk VoIP,MDUS0002
MDU_UNIVERSITY_VILLAGE,Bulk Video Access,MDUUV002
MDU_UNIVERSITY_VILLAGE,Bulk Transport 10/10 Mbps,MDUUV001
MDU_VIANSA,"Bulk Transport 20/20 Mbps (Includes Data, VOIP & Video)",MDUV0001
MDU_VILLAGE,Bulk Transport 50/50 Mbps,MDUVI001
MDU_WILDWOOD_COVE,Bulk Transport 10/10 Mbps,MDUWC001
NetPro,Gold 10 mbps,N0000001
NetPro,500 Mbps UTOPIA DIA ,N0000044
NetPro,Gold 30 mbps,N0000003
NetPro,Gold 40 mbps,N0000004
NetPro,Gold 50 mbps,N0000005
NetPro,Gold 100 mbps,N0000006
NetPro,Gold 200 mbps,N0000007
NetPro,Gold 500 mbps,N0000008
NetPro,Gold 1 gbps,N0000009
NetPro,Gold 2 gbps,N0000010
NetPro,Gold 10 gbps,N0000011
NetPro,10 mbps TLS contract,N0000012
NetPro,20 mbps TLS contract,N0000013
NetPro,30 mbps TLS contract,N0000014
NetPro,40 mbps TLS contract,N0000015
NetPro,50 mbps TLS contract,N0000016
NetPro,100 mbps TLS contract,N0000017
NetPro,200 mbps TLS contract,N0000018
NetPro,1 Gbps TLS contract,N0000020
NetPro,TLS Fee per Vlan,N0000021
NetPro,SBP 20/20,N0000022
NetPro,SBP  30/30,N0000023
NetPro,SBP  50/50,N0000024
NetPro,20 Mbps Mall Product,N0000026
NetPro,100 Mbps ,N0000027
NetPro,Overage Fees 50gb Pay Ahead,N0000028
NetPro,Overage Fees 50gb At Billing,N0000029
NetPro,100gb Additional Throughput,N0000031
NetPro,150gb Additional Throughput,N0000032
NetPro,200gb Additional Throughput,N0000033
NetPro,250 mbps,N0000034
NetPro,100 mbps,N0000035
NetPro,Legacy 1 gbps,N0000038
NetPro,VOIP PRI,N0000039
NetPro,Per Line,N0000040
NetPro,Additional VLAN,N0000041
NetPro,Additional IP,N0000042
NetPro,1 Gig UTOPIA DIA,N0000043
NetPro,500 mbps TLS contract,N0000019
NetPro,Church/Religoin 250/250,N0000025
NetPro,50gb Additional Throughput,N0000030
NetPro,1 gbps,N0000036
NetPro,Legacy 100 mbps,N0000037
NetPro,Gold 20 mbps,N0000002
RIGIDTECH,Gold 5 mbps,RIG00001
RIGIDTECH,Additional IP,RIG00002
RIGIDTECH,Gold 20 mbps,RIG00003
RIGIDTECH,Gold 30 mbps,RIG00004
RIGIDTECH,Gold 40 mbps,RIG00005
RIGIDTECH,Gold 50 mbps,RIG00006
RIGIDTECH,Gold 100 mbps,RIG00007
RIGIDTECH,Gold 200 mbps,RIG00008
RIGIDTECH,Gold 500 mbps,RIG00009
RIGIDTECH,Gold 1 gbps,RIG00010
RIGIDTECH,Gold 2 gbps,RIG00011
RIGIDTECH,Gold 10 gbps,RIG00012
RIGIDTECH,10 mbps TLS contract,RIG00013
RIGIDTECH,20 mbps TLS contract,RIG00014
RIGIDTECH,30 mbps TLS contract,RIG00015
RIGIDTECH,40 mbps TLS contract,RIG00016
RIGIDTECH,50 mbps TLS contract,RIG00017
RIGIDTECH,100 mbps TLS contract,RIG00018
RIGIDTECH,200 mbps TLS contract,RIG00019
RIGIDTECH,500 mbps TLS contract,RIG00020
RIGIDTECH,1 Gbps TLS contract,RIG00021
RIGIDTECH,TLS Fee per Vlan,RIG00022
RIGIDTECH,SBP 20/20,RIG00023
RIGIDTECH,SBP  30/30,RIG00024
RIGIDTECH,SBP  50/50,RIG00025
RIGIDTECH,Church/Religoin 250/250,RIG00026
RIGIDTECH,20 Mbps Mall Product,RIG00027
RIGIDTECH,100 Mbps ,RIG00028
RIGIDTECH,Overage Fees 50gb Pay Ahead,RIG00029
RIGIDTECH,Overage Fees 50gb At Billing,RIG00030
RIGIDTECH,50gb Additional Throughput,RIG00031
RIGIDTECH,100gb Additional Throughput,RIG00032
RIGIDTECH,150gb Additional Throughput,RIG00033
RIGIDTECH,200gb Additional Throughput,RIG00034
RIGIDTECH,250 mbps,RIG00035
RIGIDTECH,100 mbps,RIG00036
RIGIDTECH,1 gbps,RIG00037
RIGIDTECH,Legacy 100 mbps,RIG00038
RIGIDTECH,Legacy 1 gbps,RIG00039
RIGIDTECH,VOIP PRI,RIG00040
RIGIDTECH,Per Line,RIG00041
RIGIDTECH,Additional VLAN,RIG00042
RIGIDTECH,Gold 10 mbps,RIG00043
SUMO,Gold 5 Mbps,SUM00001
SUMO,Gold 10 mbps,SUM00002
SUMO,Gold 20 mbps,SUM00003
SUMO,Gold 30 mbps,SUM00004
SUMO,Gold 40 mbps,SUM00005
SUMO,Gold 50 mbps,SUM00006
SUMO,Gold 100 mbps,SUM00007
SUMO,Gold 200 mbps,SUM00008
SUMO,Gold 500 mbps,SUM00009
SUMO,Gold 1 gbps,SUM00010
SUMO,Gold 2 gbps,SUM00011
SUMO,Gold 10 gbps,SUM00012
SUMO,10 mbps TLS contract,SUM00013
SUMO,20 mbps TLS contract,SUM00014
SUMO,30 mbps TLS contract,SUM00015
SUMO,40 mbps TLS contract,SUM00016
SUMO,50 mbps TLS contract,SUM00017
SUMO,100 mbps TLS contract,SUM00018
SUMO,200 mbps TLS contract,SUM00019
SUMO,500 mbps TLS contract,SUM00020
SUMO,1 Gbps TLS contract,SUM00021
SUMO,TLS Fee per Vlan,SUM00022
SUMO,SBP 20/20,SUM00023
SUMO,SBP  30/30,SUM00024
SUMO,SBP  50/50,SUM00025
SUMO,Church/Religoin 250/250,SUM00026
SUMO,20 Mbps Mall Product,SUM00027
SUMO,100 Mbps ,SUM00028
SUMO,Overage Fees 50gb Pay Ahead,SUM00029
SUMO,Overage Fees 50gb At Billing,SUM00030
SUMO,50gb Additional Throughput,SUM00031
SUMO,100gb Additional Throughput,SUM00032
SUMO,150gb Additional Throughput,SUM00033
SUMO,200gb Additional Throughput,SUM00034
SUMO,250 mbps,SUM00035
SUMO,100 mbps,SUM00036
SUMO,1 gbps,SUM00037
SUMO,Legacy 100 mbps,SUM00038
SUMO,Legacy 1 gbps,SUM00039
SUMO,VOIP PRI,SUM00040
SUMO,Per Line,SUM00041
SUMO,Additional VLAN,SUM00042
SUMO,Additional IP,SUM00043
SUMO,100MBPS Customer Only- Additional Data Port $0,SUM00044
SUMO,Redundant NNI,SUM00045
SUMO,SBP 60/60,SUM00046
SUMO,Legacy-50/50 Mbps Residential,SUM00047
SUMO,Video Vlan,SUM00048
SUMO,VOIP Line External TA  Residential,SUM00049
SUMO,VoIP Vlan,SUM00050
SUMO,VOIP Line External TA Business,SUM00051
SYRINGA,TLS Fee per Vlan,SY000026
SYRINGA,1 Gbps TLS contract,SY000025
SYRINGA,SBP  30/30,SY000028
SYRINGA,SBP  50/50,SY000029
SYRINGA,Church/Religoin 250/250,SY000030
SYRINGA,20 Mbps Mall Product,SY000031
SYRINGA,100 Mbps ,SY000032
SYRINGA,Overage Fees 50gb At Billing,SY000034
SYRINGA,50gb Additional Throughput,SY000035
SYRINGA,100gb Additional Throughput,SY000036
SYRINGA,150gb Additional Throughput,SY000037
SYRINGA,200gb Additional Throughput,SY000038
SYRINGA,250 mbps,SY000039
SYRINGA,Legacy 100 mbps,SY000042
SYRINGA,Legacy 1 gbps,SY000043
SYRINGA,VOIP PRI,SY000044
SYRINGA,Per Line,SY000045
SYRINGA,Additional VLAN,SY000046
SYRINGA,Overage Fees 50gb Pay Ahead,SY000033
SYRINGA,100 mbps,SY000040
SYRINGA,1 gbps,SY000041
SYRINGA,Additional IP,SY000047
SYRINGA,Gold 10 mbps,SY000001
SYRINGA,Gold 20 mbps,SY000002
SYRINGA,Gold 30 mbps,SY000003
SYRINGA,Gold 40 mbps,SY000004
SYRINGA,Gold 50 mbps,SY000005
SYRINGA,Gold 100 mbps,SY000006
SYRINGA,Gold 120 mbps,SY000007
SYRINGA,Gold 150 mbps,SY000008
SYRINGA,Gold 200 mbps,SY000009
SYRINGA,Gold 250Mbps,SY000011
SYRINGA,Gold 300 mbps,SY000012
SYRINGA,Gold 500 mbps,SY000013
SYRINGA,Gold 1 gbps,SY000014
SYRINGA,Gold 2 gbps,SY000015
SYRINGA,Gold 10 gbps,SY000016
SYRINGA,10 mbps TLS contract,SY000017
SYRINGA,20 mbps TLS contract,SY000018
SYRINGA,30 mbps TLS contract,SY000019
SYRINGA,40 mbps TLS contract,SY000020
SYRINGA,50 mbps TLS contract,SY000021
SYRINGA,100 mbps TLS contract,SY000022
SYRINGA,200 mbps TLS contract,SY000023
SYRINGA,500 mbps TLS contract,SY000024
SYRINGA,SBP 20/20,SY000027
SenaWave,Gold 50 mbps,S0000006
SenaWave,Gold 100 mbps,S0000007
SenaWave,30 mbps TLS contract,S0000015
SenaWave,1 Gbps TLS contract,S0000021
SenaWave,Church/Religoin 250/250,S0000026
SenaWave,VOIP Line External TA Business,S0000045
SenaWave,Gold 5 mbps,S0000001
SenaWave,Gold 10 mbps,S0000002
SenaWave,Gold 20 mbps,S0000003
SenaWave,Gold 30 mbps,S0000004
SenaWave,Gold 40 mbps,S0000005
SenaWave,Gold 200 mbps,S0000008
SenaWave,Gold 500 mbps,S0000009
SenaWave,Gold 1 gbps,S0000010
SenaWave,Gold 2 gbps,S0000011
SenaWave,Gold 10 gbps,S0000012
SenaWave,10 mbps TLS contract,S0000013
SenaWave,20 mbps TLS contract,S0000014
SenaWave,40 mbps TLS contract,S0000016
SenaWave,50 mbps TLS contract,S0000017
SenaWave,100 mbps TLS contract,S0000018
SenaWave,200 mbps TLS contract,S0000019
SenaWave,500 mbps TLS contract,S0000020
SenaWave,TLS Fee per Vlan,S0000022
SenaWave,SBP 20/20,S0000023
SenaWave,SBP  30/30,S0000024
SenaWave,SBP  50/50,S0000025
SenaWave,20 Mbps Mall Product,S0000027
SenaWave,100 Mbps ,S0000028
SenaWave,Overage Fees 50gb Pay Ahead,S0000029
SenaWave,Overage Fees 50gb At Billing,S0000030
SenaWave,50gb Additional Throughput,S0000031
SenaWave,100gb Additional Throughput,S0000032
SenaWave,150gb Additional Throughput,S0000033
SenaWave,200gb Additional Throughput,S0000034
SenaWave,250 mbps,S0000035
SenaWave,100 mbps,S0000036
SenaWave,1 gbps,S0000037
SenaWave,Legacy 100 mbps,S0000038
SenaWave,Legacy 1 gbps,S0000039
SenaWave,VOIP PRI,S0000040
SenaWave,Per Line,S0000041
SenaWave,Additional VLAN,S0000042
SenaWave,Additional IP,S0000043
SenaWave,50/50 Mbps Residential,S0000044
Summit,1 gbps,SU000002
Summit,UTOPIA DIA,SU000001
Summit,Legacy 1 gbps,SU000003
Summit,VOIP PRI,SU000004
Summit,Per Line,SU000005
Summit,Additional VLAN,SU000006
Summit,Additional IP,SU000007
Summit,1 Gig UTOPIA DIA,SU000008
Summit,Gold 5 mbps,SU000009
Summit,Gold 10 mbps,SU000010
Summit,Gold 20 mbps,SU000011
Summit,Gold 30 mbps,SU000012
Summit,Gold 40 mbps,SU000013
Summit,Gold 50 mbps,SU000014
Summit,Gold 100 mbps,SU000015
Summit,Gold 200 mbps,SU000016
Summit,Gold 500 mbps,SU000017
Summit,Gold 1 gbps,SU000018
Summit,Gold 2 gbps,SU000019
Summit,Gold 10 gbps,SU000020
Summit,10 mbps TLS contract,SU000021
Summit,20 mbps TLS contract,SU000022
Summit,30 mbps TLS contract,SU000023
Summit,40 mbps TLS contract,SU000024
Summit,50 mbps TLS contract,SU000025
Summit,100 mbps TLS contract,SU000026
Summit,200 mbps TLS contract,SU000027
Summit,500 mbps TLS contract,SU000028
Summit,1 Gbps TLS contract,SU000029
Summit,TLS Fee per Vlan,SU000030
Summit,SBP 20/20,SU000031
Summit,SBP  30/30,SU000032
Summit,SBP  50/50,SU000033
Summit,Church/Religoin 250/250,SU000034
Summit,20 Mbps Mall Product,SU000035
Summit,100 Mbps ,SU000036
Summit,Overage Fees 50gb Pay Ahead,SU000037
Summit,Overage Fees 50gb At Billing,SU000038
Summit,50gb Additional Throughput,SU000039
Summit,100gb Additional Throughput,SU000040
Summit,150gb Additional Throughput,SU000041
Summit,200gb Additional Throughput,SU000042
Summit,250 mbps,SU000043
Summit,100 mbps,SU000044
Summit,Legacy 100 mbps,SU000045
TELESPHERE,Gold 10 mbps,TE000002
TELESPHERE,VOIP Line External TA Business,TE000044
TELESPHERE,Gold 30 mbps,TE000004
TELESPHERE,Gold 40 mbps,TE000005
TELESPHERE,Gold 50 mbps,TE000006
TELESPHERE,Gold 100 mbps,TE000007
TELESPHERE,Gold 200 mbps,TE000008
TELESPHERE,Gold 500 mbps,TE000009
TELESPHERE,Gold 10 gbps,TE000012
TELESPHERE,10 mbps TLS contract,TE000013
TELESPHERE,20 mbps TLS contract,TE000014
TELESPHERE,30 mbps TLS contract,TE000015
TELESPHERE,40 mbps TLS contract,TE000016
TELESPHERE,50 mbps TLS contract,TE000017
TELESPHERE,100 mbps TLS contract,TE000018
TELESPHERE,500 mbps TLS contract,TE000020
TELESPHERE,1 Gbps TLS contract,TE000021
TELESPHERE,TLS Fee per Vlan,TE000022
TELESPHERE,SBP 20/20,TE000023
TELESPHERE,SBP  30/30,TE000024
TELESPHERE,20 Mbps Mall Product,TE000027
TELESPHERE,100 Mbps ,TE000028
TELESPHERE,Overage Fees 50gb Pay Ahead,TE000029
TELESPHERE,Overage Fees 50gb At Billing,TE000030
TELESPHERE,50gb Additional Throughput,TE000031
TELESPHERE,100gb Additional Throughput,TE000032
TELESPHERE,150gb Additional Throughput,TE000033
TELESPHERE,200gb Additional Throughput,TE000034
TELESPHERE,1 gbps,TE000037
TELESPHERE,Legacy 100 mbps,TE000038
TELESPHERE,Legacy 1 gbps,TE000039
TELESPHERE,VOIP PRI,TE000040
TELESPHERE,Per Line,TE000041
TELESPHERE,Additional VLAN,TE000042
TELESPHERE,Additional IP,TE000043
TELESPHERE,Gold 5 mbps,TE000001
TELESPHERE,Gold 1 gbps,TE000010
TELESPHERE,Gold 2 gbps,TE000011
TELESPHERE,200 mbps TLS contract,TE000019
TELESPHERE,SBP  50/50,TE000025
TELESPHERE,Church/Religoin 250/250,TE000026
TELESPHERE,250 mbps,TE000035
TELESPHERE,100 mbps,TE000036
TELESPHERE,Gold 20 mbps,TE000003
UBB,Gold 5 mbps,UBB00001
UBB,Cross Connect,UBB00002
UBB,Gold 20 mbps,UBB00003
UBB,Gold 30 mbps,UBB00004
UBB,Gold 40 mbps,UBB00005
UBB,Gold 50 mbps,UBB00006
UBB,Gold 100 mbps,UBB00007
UBB,Gold 200 mbps,UBB00008
UBB,Gold 500 mbps,UBB00009
UBB,Gold 1 gbps,UBB00010
UBB,Gold 2 gbps,UBB00011
UBB,Gold 10 gbps,UBB00012
UBB,10 mbps TLS contract,UBB00013
UBB,20 mbps TLS contract,UBB00014
UBB,30 mbps TLS contract,UBB00015
UBB,40 mbps TLS contract,UBB00016
UBB,50 mbps TLS contract,UBB00017
UBB,100 mbps TLS contract,UBB00018
UBB,200 mbps TLS contract,UBB00019
UBB,500 mbps TLS contract,UBB00020
UBB,1 Gbps TLS contract,UBB00021
UBB,TLS Fee per Vlan,UBB00022
UBB,SBP 20/20,UBB00023
UBB,SBP  30/30,UBB00024
UBB,SBP  50/50,UBB00025
UBB,Church/Religoin 250/250,UBB00026
UBB,20 Mbps Mall Product,UBB00027
UBB,100 Mbps ,UBB00028
UBB,Overage Fees 50gb Pay Ahead,UBB00029
UBB,Overage Fees 50gb At Billing,UBB00030
UBB,50gb Additional Throughput,UBB00031
UBB,100gb Additional Throughput,UBB00032
UBB,150gb Additional Throughput,UBB00033
UBB,200gb Additional Throughput,UBB00034
UBB,250 mbps,UBB00035
UBB,100 mbps,UBB00036
UBB,1 gbps,UBB00037
UBB,Legacy 100 mbps,UBB00038
UBB,Legacy 1 gbps,UBB00039
UBB,VOIP PRI,UBB00040
UBB,Per Line,UBB00041
UBB,Additional VLAN,UBB00042
UBB,Additional IP,UBB00043
UBB,Gold 10 mbps,UBB00044
UTOPIA-EXTERNAL,UTOPIA Event Connection,UT000071
UTOPIA-EXTERNAL,Gold 250Mbps,UT000072
UTOPIA-EXTERNAL,NNI-500M,UT000073
UTOPIA-EXTERNAL,NNI-250M,UT000074
UTOPIA-EXTERNAL,NNI-750M,UT000075
UTOPIA-EXTERNAL,NNI-1G,UT000076
UTOPIA-EXTERNAL,NNI-2G,UT000077
UTOPIA-EXTERNAL,NNI-3G,UT000078
UTOPIA-EXTERNAL,NNI-4G,UT000079
UTOPIA-EXTERNAL,NNI-5G,UT000080
UTOPIA-EXTERNAL,NNI-10G,UT000081
UTOPIA-EXTERNAL,Dark Fiber,UT000064
UTOPIA-EXTERNAL,Dark Fiber Maintenance,UT000065
UTOPIA-EXTERNAL,$50- 100MB OREM EMPLOYEE CONNECTION,UT000066
UTOPIA-EXTERNAL,32 Block IP Address,UT000067
UTOPIA-EXTERNAL,City Data,UT000068
UTOPIA-EXTERNAL,250 Mbps TLS Remote ,UT000069
UTOPIA-EXTERNAL,250 Mbps UTOPIA DIA ,UT000070
UTOPIA-EXTERNAL,NNI-100M,UT000082
UTOPIA-EXTERNAL,NNI-200M,UT000083
UTOPIA-EXTERNAL,GigE Backup,UT000084
UTOPIA-EXTERNAL,30 Mbps Additional Internet Bandwidth,UT000085
UTOPIA-EXTERNAL,5 Mbps Data - Mall,UT000086
UTOPIA-EXTERNAL,LI003 Cabinet Trade 20 Mbps and IP address,UT000087
UTOPIA-EXTERNAL,TLSRemote100M,UT000088
UTOPIA-EXTERNAL,5/5  with UTOPIA,UT000089
UTOPIA-EXTERNAL,5 MBPS Municipal,UT000090
UTOPIA-EXTERNAL,100Mb,UT000091
UTOPIA-EXTERNAL,1 GigE,UT000092
UTOPIA-EXTERNAL,Gold 5 mbps,UT000093
UTOPIA-EXTERNAL,Legacy Fiber,UT000094
UTOPIA-EXTERNAL,Gold 5 Gig guaranteed with burstable internet up to Gold 10 Gig,UT000001
UTOPIA-EXTERNAL,Gold 10 mbps,UT000001
UTOPIA-EXTERNAL,Gold 20 mbps,UT000002
UTOPIA-EXTERNAL,Gold 30 mbps,UT000003
UTOPIA-EXTERNAL,Gold 40 mbps,UT000004
UTOPIA-EXTERNAL,Gold 50 mbps,UT000005
UTOPIA-EXTERNAL,Gold 60/60 with UTOPIA Internet (Expires Feb2018),UT000006
UTOPIA-EXTERNAL,Gold 100 mbps,UT000007
UTOPIA-EXTERNAL,Gold 200 mbps,UT000008
UTOPIA-EXTERNAL,Gold 500 mbps,UT000009
UTOPIA-EXTERNAL,Gold 1 gbps,UT000010
UTOPIA-EXTERNAL,Gold 2 gbps,UT000011
UTOPIA-EXTERNAL,Gold 10 gbps,UT000012
UTOPIA-EXTERNAL,10 mbps TLS contract,UT000013
UTOPIA-EXTERNAL,20 mbps TLS contract,UT000014
UTOPIA-EXTERNAL,30 mbps TLS contract,UT000015
UTOPIA-EXTERNAL,40 mbps TLS contract,UT000016
UTOPIA-EXTERNAL,50 mbps TLS contract,UT000017
UTOPIA-EXTERNAL,100 mbps TLS contract,UT000018
UTOPIA-EXTERNAL,200 mbps TLS contract,UT000019
UTOPIA-EXTERNAL,500 mbps TLS contract,UT000020
UTOPIA-EXTERNAL,1 Gbps TLS contract,UT000021
UTOPIA-EXTERNAL,TLS Fee per Vlan,UT000022
UTOPIA-EXTERNAL,SBP 20/20,UT000023
UTOPIA-EXTERNAL,SBP  30/30,UT000024
UTOPIA-EXTERNAL,SBP  50/50,UT000025
UTOPIA-EXTERNAL,Church/Religoin 250/250,UT000026
UTOPIA-EXTERNAL,20 Mbps Mall Product,UT000027
UTOPIA-EXTERNAL,100 Mbps ,UT000052
UTOPIA-EXTERNAL,Overage Fees 50gb Pay Ahead,UT000029
UTOPIA-EXTERNAL,Overage Fees 50gb At Billing,UT000030
UTOPIA-EXTERNAL,50gb Additional Throughput,UT000031
UTOPIA-EXTERNAL,100gb Additional Throughput,UT000032
UTOPIA-EXTERNAL,150gb Additional Throughput,UT000033
UTOPIA-EXTERNAL,200gb Additional Throughput,UT000034
UTOPIA-EXTERNAL,250 mbps,UT000035
UTOPIA-EXTERNAL,100 mbps,UT000036
UTOPIA-EXTERNAL,1 gbps,UT000037
UTOPIA-EXTERNAL,Legacy 100 mbps,UT000038
UTOPIA-EXTERNAL,Legacy 1 gbps,UT000039
UTOPIA-EXTERNAL,VOIP PRI,UT000040
UTOPIA-EXTERNAL,Per Line,UT000041
UTOPIA-EXTERNAL,Additional VLAN,UT000042
UTOPIA-EXTERNAL,Additional IP,UT000043
UTOPIA-EXTERNAL,10 Mbps UTOPIA DIA ,UT000044
UTOPIA-EXTERNAL,100 Mbps with UTOPIA bandwidth,UT000045
UTOPIA-EXTERNAL,20 Mbps UTOPIA Bandwidth,UT000046
UTOPIA-EXTERNAL,Centerpoint Wireless TLS,UT000047
UTOPIA-EXTERNAL,Dark Fiber 1 Pair,UT000048
UTOPIA-EXTERNAL,50/50MB KEEP ALIVE CIRCUIT,UT000049
UTOPIA-EXTERNAL,Cross Connect,UT000050
UTOPIA-EXTERNAL,100 Mbps ,UT000052
UTOPIA-EXTERNAL,Video Surveilance - Public Safety,UT000053
UTOPIA-EXTERNAL,Municipal 10/10 Low Use Data,UT000054
UTOPIA-EXTERNAL,Municipal Wireless,UT000055
UTOPIA-EXTERNAL,UVU 5/5 Data with UTOPIA BW,UT000056
UTOPIA-EXTERNAL,City TLS,UT000057
UTOPIA-EXTERNAL,10/10 UDOT Data,UT000058
UTOPIA-EXTERNAL,1000/1000 UDOT Data,UT000059
UTOPIA-EXTERNAL,UDOT NNI,UT000060
UTOPIA-EXTERNAL,UDOT Traffic Light Exchange 10/10MB,UT000061
UTOPIA-EXTERNAL,UDOT Basic Video,UT000062
UTOPIA-EXTERNAL,Aggregation Point,UT000063
UTOPIA-INTERNAL,Employee Data,UT000051
VERACITY,"VOIP Line, External TA, Business",VE000068
VERACITY,1 Gig Back Up - CHG Management,VE000069
VERACITY,1 Gig Dark Fiber ,VE000070
VERACITY,1 Gig Dark Fiber End Point,VE000071
VERACITY,10 Gig Back Up - CHG Management,VE000072
VERACITY,Bulk Data 100 MB Data Only ,VE000073
VERACITY,Bulk Data  240 MB Data Only,VE000074
VERACITY,SBP 100/100,VE000075
VERACITY,"VOIP Line, External TA, Business",VE000076
VERACITY,6U Colo with Power,VE000057
VERACITY,Bulk Transport 100/100 Mbps,VE000058
VERACITY,Bulk Transport 250/250 Mbps,VE000059
VERACITY,MDU-Rooftop- 30MB ,VE000060
VERACITY,Stimulus: 30MB,VE000061
VERACITY,Stimulus: 50MB (150GIG DATA),VE000062
VERACITY,Video Vlan - Business ,VE000063
VERACITY,Additional VOIP Vlan,VE000064
VERACITY,Access Data Video,VE000065
VERACITY,Video (Brigham City),VE000066
VERACITY,Video - Business,VE000067
VERACITY,Gold 5 mbps,VE000001
VERACITY,Gold 10 mbps,VE000002
VERACITY,Gold 20 mbps,VE000003
VERACITY,Gold 30 mbps,VE000004
VERACITY,Gold 40 mbps,VE000005
VERACITY,Gold 50 mbps,VE000006
VERACITY,Gold 100 mbps,VE000007
VERACITY,Gold 200 mbps,VE000008
VERACITY,Gold 250 Mbps,VE000009
VERACITY,Gold 300 mbps,VE000010
VERACITY,Gold 500 mbps,VE000011
VERACITY,Gold 1 gbps,VE000012
VERACITY,Gold 2 gbps,VE000013
VERACITY,Gold 10 gbps,VE000014
VERACITY,10 mbps TLS contract,VE000015
VERACITY,20 mbps TLS contract,VE000016
VERACITY,30 mbps TLS contract,VE000017
VERACITY,40 mbps TLS contract,VE000018
VERACITY,50 mbps TLS contract,VE000019
VERACITY,100 mbps TLS contract,VE000020
VERACITY,200 mbps TLS contract,VE000021
VERACITY,500 mbps TLS contract,VE000022
VERACITY,1 Gbps TLS contract,VE000023
VERACITY,TLS Fee per Vlan,VE000024
VERACITY,SBP 20/20,VE000025
VERACITY,SBP  30/30,VE000026
VERACITY,SBP  50/50,VE000027
VERACITY,Church/Religoin 250/250,VE000028
VERACITY,20 Mbps Mall Product,VE000029
VERACITY,100 Mbps ,VE000030
VERACITY,Overage Fees 50gb Pay Ahead,VE000031
VERACITY,Overage Fees 50gb At Billing,VE000032
VERACITY,50gb Additional Throughput,VE000033
VERACITY,100gb Additional Throughput,VE000034
VERACITY,150gb Additional Throughput,VE000035
VERACITY,200gb Additional Throughput,VE000036
VERACITY,250 mbps,VE000037
VERACITY,100 mbps,VE000038
VERACITY,1 gbps,VE000039
VERACITY,Legacy 100 mbps,VE000040
VERACITY,Legacy 1 gbps,VE000041
VERACITY,VOIP PRI,VE000042
VERACITY,Per Line,VE000043
VERACITY,Additional VLAN,VE000044
VERACITY,Additional IP,VE000045
VERACITY,10/10 Mbps Residential,VE000046
VERACITY,15 Mbps Residential,VE000047
VERACITY,20/20 Mbps Residential,VE000048
VERACITY,30/30 Mbps Residential,VE000049
VERACITY,50/50 MDU Uplift,VE000050
VERACITY,50/50 Mbps Residential,VE000051
VERACITY,60/60 Residential,VE000052
VERACITY,80/80 Residential,VE000053
VERACITY,"VOIP Line, External TA, Residential",VE000054
VERACITY,Access Data Video,VE000065
VERACITY,Cross Connect ,VE000056
VIVINTWIRELESS,1 Gig UTOPIA bandwidth ,VI000045
VIVINTWIRELESS,Dark Fiber,VI000044
VIVINTWIRELESS,Gold 20 mbps,VI000002
VIVINTWIRELESS,Gold 30 mbps,VI000003
VIVINTWIRELESS,Gold 40 mbps,VI000004
VIVINTWIRELESS,Gold 50 mbps,VI000005
VIVINTWIRELESS,Gold 100 mbps,VI000006
VIVINTWIRELESS,Gold 200 mbps,VI000007
VIVINTWIRELESS,Gold 500 mbps,VI000008
VIVINTWIRELESS,Gold 1 gbps,VI000009
VIVINTWIRELESS,Gold 2 gbps,VI000010
VIVINTWIRELESS,Gold 3 gbps,VI000011
VIVINTWIRELESS,Gold 10 gbps,VI000012
VIVINTWIRELESS,10 mbps TLS contract,VI000013
VIVINTWIRELESS,20 mbps TLS contract,VI000014
VIVINTWIRELESS,30 mbps TLS contract,VI000015
VIVINTWIRELESS,40 mbps TLS contract,VI000016
VIVINTWIRELESS,50 mbps TLS contract,VI000017
VIVINTWIRELESS,100 mbps TLS contract,VI000018
VIVINTWIRELESS,200 mbps TLS contract,VI000019
VIVINTWIRELESS,500 mbps TLS contract,VI000020
VIVINTWIRELESS,1 Gbps TLS contract,VI000021
VIVINTWIRELESS,TLS Fee per Vlan,VI000022
VIVINTWIRELESS,SBP 20/20,VI000023
VIVINTWIRELESS,SBP  30/30,VI000024
VIVINTWIRELESS,SBP  50/50,VI000025
VIVINTWIRELESS,Church/Religoin 250/250,VI000026
VIVINTWIRELESS,20 Mbps Mall Product,VI000027
VIVINTWIRELESS,100 Mbps ,VI000028
VIVINTWIRELESS,Overage Fees 50gb Pay Ahead,VI000029
VIVINTWIRELESS,Overage Fees 50gb At Billing,VI000030
VIVINTWIRELESS,50gb Additional Throughput,VI000031
VIVINTWIRELESS,100gb Additional Throughput,VI000032
VIVINTWIRELESS,150gb Additional Throughput,VI000033
VIVINTWIRELESS,200gb Additional Throughput,VI000034
VIVINTWIRELESS,250 mbps,VI000035
VIVINTWIRELESS,100 mbps,VI000036
VIVINTWIRELESS,1 gbps,VI000037
VIVINTWIRELESS,Legacy 100 mbps,VI000038
VIVINTWIRELESS,Legacy 1 gbps,VI000039
VIVINTWIRELESS,VOIP PRI,VI000040
VIVINTWIRELESS,Per Line,VI000041
VIVINTWIRELESS,Additional VLAN,VI000042
VIVINTWIRELESS,Additional IP,VI000043
VIVINTWIRELESS,Gold 10 mbps,VI000001
VOONAMI,10 mbps TLS contract,VO000012
VOONAMI,VOIP PRI,VO000039
VOONAMI,30 mbps TLS contract,VO000014
VOONAMI,40 mbps TLS contract,VO000015
VOONAMI,50 mbps TLS contract,VO000016
VOONAMI,200 mbps TLS contract,VO000018
VOONAMI,500 mbps TLS contract,VO000019
VOONAMI,1 Gbps TLS contract,VO000020
VOONAMI,TLS Fee per Vlan,VO000021
VOONAMI,SBP 20/20,VO000022
VOONAMI,Church/Religoin 250/250,VO000025
VOONAMI,20 Mbps Mall Product,VO000026
VOONAMI,100 Mbps ,VO000027
VOONAMI,Overage Fees 50gb Pay Ahead,VO000028
VOONAMI,Overage Fees 50gb At Billing,VO000029
VOONAMI,50gb Additional Throughput,VO000030
VOONAMI,100gb Additional Throughput,VO000031
VOONAMI,200gb Additional Throughput,VO000033
VOONAMI,250 mbps,VO000034
VOONAMI,100 mbps,VO000035
VOONAMI,1 gbps,VO000036
VOONAMI,Legacy 100 mbps,VO000037
VOONAMI,Per Line,VO000040
VOONAMI,Additional VLAN,VO000041
VOONAMI,Additional IP,VO000042
VOONAMI,10/10 Residential,VO000043
VOONAMI,Two 5 Mbps Test Circuits,VO000044
VOONAMI,Gold 10 mbps,VO000001
VOONAMI,Gold 20 mbps,VO000002
VOONAMI,Gold 30 mbps,VO000003
VOONAMI,Gold 40 mbps,VO000004
VOONAMI,Gold 50 mbps,VO000005
VOONAMI,Gold 100 mbps,VO000006
VOONAMI,Gold 200 mbps,VO000007
VOONAMI,Gold 500 mbps,VO000008
VOONAMI,Gold 10 gbps,VO000011
VOONAMI,Gold 1 gbps,VO000009
VOONAMI,Gold 2 gbps,VO000010
VOONAMI,100 mbps TLS contract,VO000017
VOONAMI,SBP  30/30,VO000023
VOONAMI,SBP  50/50,VO000024
VOONAMI,150gb Additional Throughput,VO000032
VOONAMI,Legacy 1 gbps,VO000038
VOONAMI,20 mbps TLS contract,VO000013
WINDSTREAM,Gold 5 mbps,W0000001
WINDSTREAM,30 Mbps UTOPIA Bandwidth,W0000002
WINDSTREAM,Gold 20 mbps,W0000003
WINDSTREAM,Gold 30 mbps,W0000004
WINDSTREAM,Gold 40 mbps,W0000005
WINDSTREAM,Gold 50 mbps,W0000006
WINDSTREAM,Gold 100 mbps,W0000007
WINDSTREAM,Gold 200 mbps,W0000008
WINDSTREAM,Gold 250 Mbps,W0000009
WINDSTREAM,Gold 300 mbps,W0000010
WINDSTREAM,Gold 500 mbps,W0000011
WINDSTREAM,Gold 1 gbps,W0000012
WINDSTREAM,Gold 2 gbps,W0000013
WINDSTREAM,Gold 10 gbps,W0000014
WINDSTREAM,10 mbps TLS contract,W0000015
WINDSTREAM,20 mbps TLS contract,W0000016
WINDSTREAM,30 mbps TLS contract,W0000017
WINDSTREAM,40 mbps TLS contract,W0000018
WINDSTREAM,50 mbps TLS contract,W0000019
WINDSTREAM,100 mbps TLS contract,W0000020
WINDSTREAM,200 mbps TLS contract,W0000021
WINDSTREAM,500 mbps TLS contract,W0000022
WINDSTREAM,1 Gbps TLS contract,W0000023
WINDSTREAM,TLS Fee per Vlan,W0000024
WINDSTREAM,SBP 20/20,W0000025
WINDSTREAM,SBP  30/30,W0000026
WINDSTREAM,SBP  50/50,W0000027
WINDSTREAM,Church/Religoin 250/250,W0000028
WINDSTREAM,20 Mbps Mall Product,W0000029
WINDSTREAM,100 Mbps ,W0000030
WINDSTREAM,Overage Fees 50gb Pay Ahead,W0000031
WINDSTREAM,Overage Fees 50gb At Billing,W0000032
WINDSTREAM,50gb Additional Throughput,W0000033
WINDSTREAM,100gb Additional Throughput,W0000034
WINDSTREAM,150gb Additional Throughput,W0000035
WINDSTREAM,200gb Additional Throughput,W0000036
WINDSTREAM,1Gbps with UTOPIA Bandwidth,W0000037
WINDSTREAM,50 Mbps with UTOPIA Bandwidth,W0000038
WINDSTREAM,Per Line,W0000039
WINDSTREAM,Additional VLAN,W0000040
WINDSTREAM,Additional IP,W0000041
WINDSTREAM,Cross Connect ,W0000042
WINDSTREAM,100 Mbps with UTOPIA bandwidth,W0000043
WINDSTREAM,20 Mbps UTOPIA Bandwidth,W0000044
WINDSTREAM,Gold 400 mbps,W0000045
WINDSTREAM,"VOIP Line, External TA, Business",W0000046
WINDSTREAM,10 Mbps UTOPIA Bandwidth,W0000047
WINDSTREAM,200 Mbps UTOPIA Bandwidth,W0000048
WINDSTREAM,VOIP PRI,W0000049
WINDSTREAM,Gold 10 mbps,W0000050
XMISSION,Gold 10 mbps,X0000002
XMISSION,Murray 10 Mbps Residential,X0000049
XMISSION,Gold 200 mbps,X0000008
XMISSION,30 mbps TLS contract,X0000016
XMISSION,Gold 5 mbps,X0000001
XMISSION,Gold 20 mbps,X0000003
XMISSION,Gold 30 mbps,X0000004
XMISSION,Gold 40 mbps,X0000005
XMISSION,Gold 50 mbps,X0000006
XMISSION,Gold 300 mbps,X0000009
XMISSION,Gold 500 mbps,X0000010
XMISSION,Gold 1 gbps,X0000011
XMISSION,Gold 2 gbps,X0000012
XMISSION,Gold 10 gbps,X0000013
XMISSION,10 mbps TLS contract,X0000014
XMISSION,20 mbps TLS contract,X0000015
XMISSION,40 mbps TLS contract,X0000017
XMISSION,50 mbps TLS contract,X0000018
XMISSION,100 mbps TLS contract,X0000019
XMISSION,200 mbps TLS contract,X0000020
XMISSION,500 mbps TLS contract,X0000021
XMISSION,1 Gbps TLS contract,X0000022
XMISSION,TLS Fee per Vlan,X0000023
XMISSION,SBP 20/20,X0000024
XMISSION,SBP  30/30,X0000025
XMISSION,SBP  50/50,X0000026
XMISSION,Church/Religoin 250/250,X0000027
XMISSION,20 Mbps Mall Product,X0000028
XMISSION,100 Mbps ,X0000029
XMISSION,Overage Fees 50gb Pay Ahead,X0000030
XMISSION,Overage Fees 50gb At Billing,X0000031
XMISSION,50gb Additional Throughput,X0000032
XMISSION,100gb Additional Throughput,X0000033
XMISSION,150gb Additional Throughput,X0000034
XMISSION,200gb Additional Throughput,X0000035
XMISSION,250 mbps,X0000036
XMISSION,100 mbps,X0000037
XMISSION,1 gbps,X0000038
XMISSION,Legacy 100 mbps,X0000039
XMISSION,Legacy 1 gbps,X0000040
XMISSION,VOIP PRI,X0000041
XMISSION,Per Line,X0000042
XMISSION,Additional VLAN,X0000043
XMISSION,Additional IP,X0000044
XMISSION,50/50 Mbps Residential,X0000045
XMISSION,"VOIP Line, External TA, Residential",X0000046
XMISSION,Cabinet Charge $250,X0000047
XMISSION,Pair of Dark Fiber - Downtown Fiber Ring,X0000048
XMISSION,TLS Remote,X0000050
XMISSION,VOIP Line External TA Business,X0000051
XMISSION,Gold 100 mbps,X0000007
YIPTEL,Gold 5 mbps,YI000001
YIPTEL,VOIP Line External TA Business,YI000044
YIPTEL,Gold 20 mbps,YI000003
YIPTEL,Gold 30 mbps,YI000004
YIPTEL,Gold 40 mbps,YI000005
YIPTEL,Gold 50 mbps,YI000006
YIPTEL,Gold 100 mbps,YI000007
YIPTEL,Gold 200 mbps,YI000008
YIPTEL,Gold 500 mbps,YI000009
YIPTEL,Gold 1 gbps,YI000010
YIPTEL,Gold 2 gbps,YI000011
YIPTEL,Gold 10 gbps,YI000012
YIPTEL,10 mbps TLS contract,YI000013
YIPTEL,20 mbps TLS contract,YI000014
YIPTEL,30 mbps TLS contract,YI000015
YIPTEL,40 mbps TLS contract,YI000016
YIPTEL,50 mbps TLS contract,YI000017
YIPTEL,100 mbps TLS contract,YI000018
YIPTEL,200 mbps TLS contract,YI000019
YIPTEL,500 mbps TLS contract,YI000020
YIPTEL,1 Gbps TLS contract,YI000021
YIPTEL,TLS Fee per Vlan,YI000022
YIPTEL,SBP 20/20,YI000023
YIPTEL,SBP  30/30,YI000024
YIPTEL,SBP  50/50,YI000025
YIPTEL,Church/Religoin 250/250,YI000026
YIPTEL,20 Mbps Mall Product,YI000027
YIPTEL,100 Mbps ,YI000028
YIPTEL,Overage Fees 50gb Pay Ahead,YI000029
YIPTEL,Overage Fees 50gb At Billing,YI000030
YIPTEL,50gb Additional Throughput,YI000031
YIPTEL,100gb Additional Throughput,YI000032
YIPTEL,150gb Additional Throughput,YI000033
YIPTEL,200gb Additional Throughput,YI000034
YIPTEL,250 mbps,YI000035
YIPTEL,100 mbps,YI000036
YIPTEL,1 gbps,YI000037
YIPTEL,Legacy 100 mbps,YI000038
YIPTEL,Legacy 1 gbps,YI000039
YIPTEL,VOIP PRI,YI000040
YIPTEL,Per Line,YI000041
YIPTEL,Additional VLAN,YI000042
YIPTEL,Additional IP,YI000043
YIPTEL,Gold 10 mbps,YI000002
Yondoo,Yondoo Video Service,YO000001
